{"stats":{"minecraft:used":{"biomesoplenty:mahogany_planks":7,"minecraft:stone_pickaxe":11,"minecraft:shield":5,"minecraft:wooden_pickaxe":12,"minecraft:iron_sword":104,"minecraft:cooked_chicken":4,"minecraft:torch":53,"minecraft:crafting_table":1,"biomesoplenty:mahogany_door":3,"biomesoplenty:magic_planks":3,"minecraft:tuff":1,"minecraft:iron_pickaxe":217,"tombstone:magic_scroll":1,"ironfurnaces:iron_furnace":4,"minecraft:furnace":2,"everythingcopper:copper_axe":29,"minecraft:cooked_beef":4,"minecraft:cobbled_deepslate":1},"minecraft:picked_up":{"minecraft:chainmail_boots":1,"minecraft:stone_slab":2,"minecraft:tuff":1,"forbidden_arcanus:xpetrified_orb":3,"minecraft:lapis_lazuli":14,"minecraft:dirt":1,"minecraft:raw_copper":136,"minecraft:bone":6,"minecraft:stone_bricks":1,"minecraft:gold_nugget":20,"mysticalagriculture:inferium_essence":30,"minecraft:cobbled_deepslate":10,"minecraft:raw_gold":2,"minecraft:stone_pickaxe":1,"minecraft:iron_ingot":13,"biomesoplenty:magic_log":7,"minecraft:calcite":2,"minecraft:sugar_cane":2,"ironfurnaces:iron_furnace":4,"minecraft:furnace":2,"minecraft:raw_iron":70,"apotheosis:gem":1,"minecraft:copper_ingot":14,"minecraft:amethyst_shard":12,"tombstone:grave_dust":2,"minecraft:redstone":23,"biomesoplenty:mahogany_log":26,"minecraft:arrow":3,"minecraft:rotten_flesh":3,"biomesoplenty:mahogany_door":3,"alltheores:iron_dust":10,"minecraft:emerald":7,"supplementaries:ash":12,"minecraft:coal":67,"minecraft:cobblestone":50},"minecraft:mined":{"minecraft:deepslate_redstone_ore":5,"minecraft:tuff":1,"ironfurnaces:iron_furnace":4,"biomesoplenty:mahogany_door":3,"minecraft:calcite":3,"alltheores:deepslate_silver_ore":1,"minecraft:stone_slab":1,"minecraft:deepslate_gold_ore":2,"minecraft:copper_ore":29,"biomesoplenty:sprout":2,"minecraft:lapis_ore":1,"minecraft:sugar_cane":1,"mysticalagriculture:inferium_ore":4,"supplementaries:urn":7,"minecraft:furnace":2,"forbidden_arcanus:xpetrified_ore":3,"biomesoplenty:mahogany_log":26,"minecraft:iron_ore":41,"minecraft:cobbled_deepslate":1,"minecraft:deepslate_lapis_ore":1,"biomesoplenty:magic_log":7,"minecraft:deepslate_iron_ore":34,"create:asurine":2,"minecraft:grass":1,"minecraft:coal_ore":50,"minecraft:dirt":1,"minecraft:infested_cracked_stone_bricks":1,"minecraft:stone_bricks":1,"minecraft:stone":19,"mysticalagriculture:deepslate_inferium_ore":6,"minecraft:deepslate":9},"minecraft:crafted":{"mysticalagriculture:prudentium_essence":3,"minecraft:barrel":1,"minecraft:crafting_table":2,"biomesoplenty:magic_slab":1,"biomesoplenty:mahogany_planks":26,"minecraft:wooden_pickaxe":1,"minecraft:iron_helmet":1,"minecraft:iron_sword":1,"minecraft:furnace":1,"minecraft:copper_ingot":8,"crafting_on_a_stick:crafting_table":1,"minecraft:air":398,"alltheores:copper_ore_hammer":1,"mysticalagriculture:inferium_essence":12,"minecraft:iron_boots":1,"minecraft:iron_chestplate":1,"minecraft:shield":1,"biomesoplenty:mahogany_door":6,"minecraft:stick":5,"minecraft:iron_ingot":5,"minecraft:iron_pickaxe":1,"biomesoplenty:magic_planks":7,"minecraft:iron_leggings":1,"alltheores:iron_dust":25,"minecraft:copper_block":2,"everythingcopper:copper_axe":1,"minecraft:torch":25,"dankstorage:dank_1":1},"minecraft:dropped":{"minecraft:cobblestone":32,"minecraft:iron_boots":1,"tombstone:grave_dust":2,"minecraft:wooden_pickaxe":1},"minecraft:killed":{"minecraft:husk":1,"minecraft:spider":1,"minecraft:skeleton":4,"eidolon:wraith":1,"minecraft:zombie":2,"minecraft:silverfish":4},"minecraft:custom":{"lootr:looted_stat":2,"minecraft:interact_with_furnace":34,"minecraft:mob_kills":13,"minecraft:interact_with_crafting_table":2,"minecraft:leave_game":1,"minecraft:time_since_death":46068,"minecraft:time_since_rest":46068,"minecraft:sprint_one_cm":74869,"minecraft:damage_taken":533,"minecraft:walk_one_cm":59623,"minecraft:damage_blocked_by_shield":140,"minecraft:drop":5,"minecraft:damage_dealt":3580,"minecraft:swim_one_cm":56124,"minecraft:fly_one_cm":251535,"minecraft:crouch_one_cm":3758,"tombstone:undead_killed":8,"minecraft:play_time":46068,"minecraft:sneak_time":2216,"minecraft:walk_under_water_one_cm":11139,"minecraft:jump":500,"minecraft:walk_on_water_one_cm":2842,"minecraft:total_world_time":46068,"minecraft:fall_one_cm":9485}},"DataVersion":3465}