{"stats":{"minecraft:used":{"minecraft:shield":5,"minecraft:wooden_pickaxe":12,"minecraft:iron_sword":14,"minecraft:cooked_chicken":4,"minecraft:torch":11,"minecraft:crafting_table":1,"biomesoplenty:mahogany_door":3,"biomesoplenty:magic_planks":3,"minecraft:iron_pickaxe":149,"ironfurnaces:iron_furnace":4,"minecraft:furnace":2,"everythingcopper:copper_axe":29,"minecraft:cooked_beef":2},"minecraft:picked_up":{"minecraft:lapis_lazuli":14,"minecraft:dirt":1,"minecraft:raw_copper":136,"minecraft:bone":6,"minecraft:gold_nugget":20,"mysticalagriculture:inferium_essence":13,"minecraft:iron_ingot":13,"biomesoplenty:magic_log":7,"minecraft:calcite":2,"minecraft:sugar_cane":2,"ironfurnaces:iron_furnace":4,"minecraft:furnace":2,"minecraft:raw_iron":28,"apotheosis:gem":1,"minecraft:copper_ingot":14,"minecraft:amethyst_shard":12,"tombstone:grave_dust":2,"biomesoplenty:mahogany_log":26,"minecraft:arrow":3,"minecraft:rotten_flesh":2,"biomesoplenty:mahogany_door":3,"alltheores:iron_dust":10,"minecraft:emerald":7,"supplementaries:ash":12,"minecraft:coal":67,"minecraft:cobblestone":49},"minecraft:mined":{"ironfurnaces:iron_furnace":4,"biomesoplenty:mahogany_door":3,"minecraft:calcite":3,"minecraft:copper_ore":29,"biomesoplenty:sprout":2,"minecraft:lapis_ore":1,"minecraft:sugar_cane":1,"mysticalagriculture:inferium_ore":4,"supplementaries:urn":7,"minecraft:furnace":2,"biomesoplenty:mahogany_log":26,"minecraft:iron_ore":28,"minecraft:deepslate_lapis_ore":1,"biomesoplenty:magic_log":7,"create:asurine":2,"minecraft:grass":1,"minecraft:coal_ore":50,"minecraft:dirt":1,"minecraft:stone":18},"minecraft:crafted":{"mysticalagriculture:prudentium_essence":3,"minecraft:barrel":1,"minecraft:crafting_table":2,"biomesoplenty:magic_slab":1,"biomesoplenty:mahogany_planks":26,"minecraft:wooden_pickaxe":1,"minecraft:iron_helmet":1,"minecraft:iron_sword":1,"minecraft:furnace":1,"minecraft:copper_ingot":8,"crafting_on_a_stick:crafting_table":1,"minecraft:air":318,"alltheores:copper_ore_hammer":1,"mysticalagriculture:inferium_essence":12,"minecraft:iron_boots":1,"minecraft:iron_chestplate":1,"minecraft:shield":1,"biomesoplenty:mahogany_door":6,"minecraft:stick":1,"minecraft:iron_ingot":5,"minecraft:iron_pickaxe":1,"biomesoplenty:magic_planks":7,"minecraft:iron_leggings":1,"alltheores:iron_dust":25,"minecraft:copper_block":2,"everythingcopper:copper_axe":1,"minecraft:torch":9,"dankstorage:dank_1":1},"minecraft:killed":{"minecraft:skeleton":4,"minecraft:zombie":1},"minecraft:dropped":{"minecraft:cobblestone":32,"tombstone:grave_dust":2,"minecraft:wooden_pickaxe":1},"minecraft:custom":{"minecraft:interact_with_furnace":34,"minecraft:mob_kills":5,"minecraft:interact_with_crafting_table":2,"minecraft:leave_game":1,"minecraft:time_since_death":34068,"minecraft:time_since_rest":34068,"minecraft:sprint_one_cm":44592,"minecraft:damage_taken":445,"minecraft:walk_one_cm":32613,"minecraft:damage_blocked_by_shield":140,"minecraft:drop":4,"minecraft:damage_dealt":986,"minecraft:swim_one_cm":56124,"minecraft:fly_one_cm":87896,"minecraft:crouch_one_cm":983,"tombstone:undead_killed":5,"minecraft:play_time":34068,"minecraft:sneak_time":760,"minecraft:walk_under_water_one_cm":11139,"minecraft:jump":357,"minecraft:walk_on_water_one_cm":2842,"minecraft:total_world_time":34068,"minecraft:fall_one_cm":7960}},"DataVersion":3465}