{"stats":{"minecraft:used":{"minecraft:iron_pickaxe":46,"minecraft:wooden_pickaxe":12,"minecraft:cooked_chicken":4,"ironfurnaces:iron_furnace":2,"minecraft:crafting_table":1,"minecraft:furnace":2},"minecraft:picked_up":{"tombstone:grave_dust":2,"minecraft:dirt":1,"minecraft:raw_copper":67,"minecraft:rotten_flesh":2,"mysticalagriculture:inferium_essence":11,"biomesoplenty:magic_log":7,"minecraft:coal":13,"minecraft:cobblestone":41,"minecraft:furnace":1},"minecraft:mined":{"minecraft:furnace":1,"biomesoplenty:magic_log":7,"minecraft:grass":1,"minecraft:coal_ore":13,"minecraft:dirt":1,"minecraft:copper_ore":19,"biomesoplenty:sprout":2,"minecraft:stone":9,"mysticalagriculture:inferium_ore":4},"minecraft:crafted":{"minecraft:barrel":1,"minecraft:crafting_table":2,"biomesoplenty:magic_slab":1,"minecraft:stick":1,"minecraft:wooden_pickaxe":1,"minecraft:iron_ingot":5,"minecraft:iron_pickaxe":1,"biomesoplenty:magic_planks":7,"minecraft:furnace":1,"minecraft:copper_ingot":8,"crafting_on_a_stick:crafting_table":1,"dankstorage:dank_1":1,"minecraft:air":43},"minecraft:dropped":{"tombstone:grave_dust":2,"minecraft:cobblestone":32,"minecraft:wooden_pickaxe":1},"minecraft:killed":{"minecraft:zombie":1},"minecraft:custom":{"minecraft:time_since_rest":22068,"minecraft:interact_with_furnace":20,"minecraft:sprint_one_cm":27488,"minecraft:damage_taken":290,"minecraft:walk_one_cm":15697,"minecraft:mob_kills":1,"minecraft:drop":4,"minecraft:damage_dealt":236,"minecraft:interact_with_crafting_table":2,"minecraft:swim_one_cm":10416,"minecraft:fly_one_cm":59635,"minecraft:crouch_one_cm":961,"minecraft:play_time":22068,"tombstone:undead_killed":1,"minecraft:sneak_time":243,"minecraft:walk_under_water_one_cm":468,"minecraft:jump":216,"minecraft:leave_game":1,"minecraft:time_since_death":22068,"minecraft:walk_on_water_one_cm":370,"minecraft:total_world_time":22068,"minecraft:fall_one_cm":5452}},"DataVersion":3465}