{"stats":{"minecraft:picked_up":{"minecraft:crafting_table":6,"minecraft:iron_chestplate":1,"croptopia:peach":7,"enderio:broken_spawner":4,"silentgear:sinew":2,"minecraft:string":28,"reliquary:chelicerae":2,"twigs:opaline_seashell":1,"minecraft:blackstone":1,"mysticalagriculture:inferium_essence":12,"delightful:acorn":1,"minecraft:beef":7,"minecraft:sugar_cane":4,"minecraft:furnace":5,"minecraft:raw_iron":57,"apotheosis:gem":2,"minecraft:torch":6,"minecraft:porkchop":6,"alltheores:raw_platinum_block":1,"tombstone:grave_dust":4,"eidolon:tattered_cloth":12,"minecraft:arrow":11,"minecraft:rotten_flesh":17,"forbidden_arcanus:spawner_scrap":2,"minecraft:cobblestone":123,"eidolon:wraith_heart":1,"croptopia:nectarine":9,"minecraft:leather":6,"minecraft:potato":1,"paraglider:spirit_orb":8,"minecraft:flint":1,"minecraft:oak_log":27,"minecraft:gunpowder":3,"quark:limestone":4,"minecraft:dirt":12,"bhc:red_heart":2,"minecraft:bone":11,"minecraft:apple":1,"minecraft:bow":1,"minecraft:raw_gold":38,"minecraft:oak_planks":5,"thermal:blitz_rod":1,"quark:shale":2,"minecraft:sand":12,"minecraft:spider_eye":16,"minecraft:mossy_cobblestone":1,"biomesoplenty:flowering_oak_sapling":1,"quark:jasper":1,"minecraft:bundle":1,"immersiveengineering:seed":2,"minecraft:diamond":9,"eidolon:lead_ingot":1,"croptopia:orange":11,"minecraft:oak_sapling":2,"minecraft:coal":29},"minecraft:mined":{"minecraft:mossy_cobblestone":1,"quark:shale":2,"minecraft:deepslate_diamond_ore":9,"minecraft:grass_block":2,"quark:jasper":1,"minecraft:spawner":2,"minecraft:furnace":5,"minecraft:iron_ore":56,"minecraft:fire":2,"minecraft:vine":1,"minecraft:deepslate_iron_ore":1,"quark:limestone":4,"minecraft:stone":92,"twigs:opaline_seashell":1,"minecraft:blackstone":1,"minecraft:crafting_table":6,"minecraft:torch":1,"minecraft:tall_grass":1,"minecraft:cobblestone":23,"minecraft:deepslate_gold_ore":26,"minecraft:oak_planks":5,"minecraft:sugar_cane":2,"minecraft:wall_torch":3,"minecraft:grass":2,"minecraft:oak_log":27,"minecraft:coal_ore":48,"quark:monster_box":1,"minecraft:dirt":10,"minecraft:gravel":1,"minecraft:sand":12,"alltheores:raw_platinum_block":1,"minecraft:gold_ore":4,"minecraft:oak_leaves":3,"minecraft:deepslate":1},"minecraft:crafted":{"minecraft:oak_planks":27,"minecraft:stone_shovel":1,"minecraft:furnace":2,"minecraft:stone_pickaxe":1,"minecraft:chest":1,"sophisticatedbackpacks:iron_backpack":1,"minecraft:cooked_beef":7,"sophisticatedbackpacks:backpack":1,"minecraft:cooked_porkchop":6,"minecraft:crafting_table":1,"minecraft:wooden_pickaxe":1,"minecraft:bucket":1,"minecraft:stone_axe":1,"minecraft:air":256,"minecraft:diamond_pickaxe":1,"minecraft:shield":1,"minecraft:stick":9,"minecraft:iron_ingot":13,"minecraft:stone_sword":1,"minecraft:torch":25},"minecraft:dropped":{"minecraft:enchanted_book":1,"minecraft:wheat_seeds":1,"minecraft:glass_bottle":2,"thermal:blitz_rod":1,"eidolon:tattered_cloth":12,"pneumaticcraft:compressed_stone":9,"minecraft:flint":1,"tombstone:grave_dust":4,"delightful:acorn":1,"eidolon:wraith_heart":1,"minecraft:rotten_flesh":22,"minecraft:honey_bottle":1,"minecraft:bundle":1,"mysticalagriculture:inferium_essence":12,"minecraft:melon_seeds":3,"apotheosis:gem":2,"minecraft:oak_sapling":2,"everythingcopper:copper_chestplate":1,"minecraft:spider_eye":1,"minecraft:arrow":2,"minecraft:wooden_pickaxe":1,"eidolon:lead_ingot":1,"immersiveengineering:seed":2},"minecraft:killed":{"minecraft:cave_spider":5,"irons_spellbooks:summoned_zombie":1,"minecraft:spider":15,"quark:toretoise":1,"minecraft:skeleton":7,"eidolon:wraith":6,"minecraft:drowned":3,"thermal:blitz":1,"minecraft:pig":3,"minecraft:creeper":2,"minecraft:zombie":12,"eidolon:zombie_brute":2,"minecraft:cow":4},"minecraft:used":{"minecraft:stone_sword":28,"minecraft:stone_shovel":20,"quark:shale":2,"minecraft:shield":6,"minecraft:torch":114,"minecraft:dirt":12,"quark:limestone":4,"tombstone:tablet_of_cupidity":1,"alltheores:raw_platinum_block":1,"croptopia:peach":7,"everythingcopper:copper_sword":180,"minecraft:furnace":5,"tombstone:gift":4,"minecraft:cooked_beef":9,"minecraft:water_bucket":1,"minecraft:stone_pickaxe":1,"minecraft:oak_planks":20,"minecraft:blackstone":1,"minecraft:wooden_pickaxe":9,"biomesoplenty:flowering_oak_sapling":1,"minecraft:diamond_axe":2,"minecraft:mossy_cobblestone":1,"minecraft:sand":12,"minecraft:crafting_table":6,"croptopia:orange":11,"croptopia:nectarine":9,"minecraft:diamond_pickaxe":20,"minecraft:apple":1,"tombstone:tablet_of_assistance":2,"minecraft:iron_pickaxe":251,"forbidden_arcanus:aureal_bottle":1,"quark:jasper":1,"minecraft:stone_axe":44,"minecraft:potion":1,"minecraft:cobblestone":88,"twigs:opaline_seashell":1,"minecraft:bucket":2},"minecraft:broken":{"everythingcopper:copper_sword":1,"minecraft:iron_pickaxe":1},"minecraft:killed_by":{"minecraft:spider":1},"minecraft:custom":{"lootr:looted_stat":5,"minecraft:mob_kills":62,"minecraft:interact_with_crafting_table":11,"minecraft:time_since_death":51997,"minecraft:climb_one_cm":141,"minecraft:sprint_one_cm":144575,"minecraft:walk_one_cm":158332,"minecraft:damage_blocked_by_shield":138,"minecraft:drop":52,"minecraft:play_time":61793,"minecraft:deaths":1,"minecraft:sneak_time":4726,"minecraft:walk_under_water_one_cm":7414,"minecraft:jump":1031,"minecraft:walk_on_water_one_cm":9280,"minecraft:total_world_time":61793,"minecraft:interact_with_furnace":21,"minecraft:time_since_rest":51748,"minecraft:damage_taken":1179,"minecraft:damage_dealt":11560,"tombstone:cast_on_ally":0,"minecraft:swim_one_cm":19465,"minecraft:fly_one_cm":182023,"minecraft:open_chest":11,"minecraft:crouch_one_cm":11596,"tombstone:undead_killed":31,"minecraft:fall_one_cm":19678}},"DataVersion":3465}