{"stats":{"minecraft:dropped":{"minecraft:enchanted_book":1,"minecraft:wheat_seeds":1,"minecraft:glass_bottle":2,"productivebees:sugar_cane_nest":1,"thermal:blitz_rod":1,"eidolon:tattered_cloth":12,"thermal:corn_seeds":2,"pneumaticcraft:compressed_stone":9,"minecraft:flint":1,"tombstone:grave_dust":4,"delightful:acorn":1,"eidolon:wraith_heart":1,"minecraft:cobbled_deepslate":2,"minecraft:rotten_flesh":22,"minecraft:honey_bottle":1,"forbidden_arcanus:bat_wing":1,"supplementaries:ash":16,"minecraft:bundle":1,"mysticalagriculture:inferium_essence":15,"minecraft:melon_seeds":3,"apotheosis:gem":2,"everythingcopper:copper_chestplate":1,"minecraft:oak_sapling":2,"reliquary:catalyzing_gland":1,"minecraft:spider_eye":1,"minecraft:arrow":2,"minecraft:wooden_pickaxe":1,"eidolon:lead_ingot":1,"immersiveengineering:seed":2},"minecraft:crafted":{"minecraft:oak_planks":27,"minecraft:stone_shovel":1,"minecraft:furnace":2,"minecraft:stone_pickaxe":1,"minecraft:chest":1,"sophisticatedbackpacks:iron_backpack":1,"minecraft:cooked_beef":7,"sophisticatedbackpacks:backpack":1,"minecraft:cooked_porkchop":6,"minecraft:crafting_table":1,"minecraft:wooden_pickaxe":1,"minecraft:bucket":1,"minecraft:stone_axe":1,"minecraft:air":256,"minecraft:diamond_pickaxe":1,"minecraft:shield":1,"minecraft:stick":9,"minecraft:iron_ingot":13,"minecraft:stone_sword":1,"minecraft:torch":25},"minecraft:picked_up":{"minecraft:crafting_table":6,"minecraft:iron_chestplate":1,"croptopia:peach":7,"enderio:broken_spawner":6,"silentgear:sinew":2,"minecraft:string":28,"reliquary:chelicerae":2,"twigs:opaline_seashell":1,"minecraft:blackstone":1,"mysticalagriculture:inferium_essence":15,"minecraft:cobbled_deepslate":4,"delightful:acorn":1,"minecraft:beef":7,"minecraft:sugar_cane":6,"minecraft:furnace":5,"apotheosis:gem":2,"minecraft:raw_iron":57,"reliquary:catalyzing_gland":1,"forbidden_arcanus:bat_wing":1,"minecraft:torch":6,"minecraft:porkchop":6,"alltheores:raw_platinum_block":1,"tombstone:grave_dust":4,"eidolon:tattered_cloth":12,"minecraft:rotten_flesh":17,"minecraft:arrow":19,"thermal:corn_seeds":2,"supplementaries:ash":16,"forbidden_arcanus:spawner_scrap":2,"minecraft:cobblestone":125,"eidolon:wraith_heart":1,"croptopia:nectarine":9,"minecraft:leather":6,"minecraft:potato":1,"paraglider:spirit_orb":12,"minecraft:flint":1,"minecraft:oak_log":27,"minecraft:gunpowder":6,"quark:limestone":4,"minecraft:dirt":12,"bhc:red_heart":2,"minecraft:bone":22,"minecraft:apple":1,"minecraft:bow":1,"minecraft:raw_gold":38,"minecraft:oak_planks":5,"thermal:blitz_rod":1,"productivebees:sugar_cane_nest":1,"quark:shale":2,"minecraft:sand":13,"minecraft:spider_eye":16,"minecraft:mossy_cobblestone":1,"biomesoplenty:flowering_oak_sapling":1,"quark:jasper":1,"minecraft:bundle":1,"immersiveengineering:seed":2,"minecraft:diamond":17,"eidolon:lead_ingot":1,"croptopia:orange":11,"minecraft:oak_sapling":2,"minecraft:coal":29},"minecraft:custom":{"lootr:looted_stat":7,"minecraft:mob_kills":70,"minecraft:interact_with_crafting_table":11,"minecraft:leave_game":2,"minecraft:time_since_death":67375,"minecraft:climb_one_cm":141,"minecraft:sprint_one_cm":180736,"minecraft:walk_one_cm":187372,"minecraft:damage_blocked_by_shield":138,"minecraft:drop":61,"minecraft:play_time":77171,"minecraft:deaths":1,"minecraft:sneak_time":5482,"minecraft:walk_under_water_one_cm":11982,"minecraft:jump":1385,"minecraft:walk_on_water_one_cm":11680,"minecraft:total_world_time":77171,"minecraft:interact_with_furnace":22,"minecraft:sleep_in_bed":1,"minecraft:time_since_rest":11069,"minecraft:damage_taken":1574,"minecraft:damage_dealt":13575,"tombstone:cast_on_ally":0,"minecraft:swim_one_cm":34212,"minecraft:fly_one_cm":241325,"minecraft:open_chest":11,"minecraft:crouch_one_cm":13964,"tombstone:undead_killed":37,"minecraft:fall_one_cm":28683},"minecraft:broken":{"everythingcopper:copper_sword":1,"minecraft:iron_pickaxe":1},"minecraft:killed_by":{"minecraft:spider":1},"minecraft:killed":{"minecraft:cave_spider":5,"irons_spellbooks:summoned_zombie":1,"minecraft:spider":15,"quark:toretoise":1,"minecraft:skeleton":11,"eidolon:wraith":6,"minecraft:drowned":3,"thermal:blitz":1,"minecraft:pig":3,"minecraft:creeper":4,"minecraft:zombie":14,"eidolon:zombie_brute":2,"minecraft:cow":4},"minecraft:used":{"minecraft:stone_sword":28,"minecraft:stone_shovel":20,"quark:shale":2,"minecraft:shield":6,"minecraft:torch":114,"minecraft:dirt":12,"quark:limestone":4,"tombstone:tablet_of_cupidity":1,"alltheores:raw_platinum_block":1,"croptopia:peach":7,"everythingcopper:copper_sword":180,"minecraft:furnace":5,"tombstone:gift":4,"minecraft:cooked_beef":13,"minecraft:cobbled_deepslate":2,"minecraft:water_bucket":3,"minecraft:oak_planks":20,"minecraft:stone_pickaxe":1,"minecraft:blackstone":1,"minecraft:wooden_pickaxe":9,"biomesoplenty:flowering_oak_sapling":1,"minecraft:diamond_axe":18,"minecraft:mossy_cobblestone":1,"minecraft:sand":13,"minecraft:crafting_table":6,"croptopia:orange":11,"croptopia:nectarine":9,"minecraft:diamond_pickaxe":35,"minecraft:apple":1,"tombstone:tablet_of_assistance":2,"minecraft:iron_pickaxe":251,"forbidden_arcanus:aureal_bottle":1,"quark:jasper":1,"minecraft:stone_axe":44,"minecraft:cobblestone":107,"minecraft:potion":1,"twigs:opaline_seashell":1,"minecraft:bucket":4},"minecraft:mined":{"minecraft:mossy_cobblestone":1,"quark:shale":2,"minecraft:deepslate_diamond_ore":17,"minecraft:grass_block":2,"quark:jasper":1,"minecraft:spawner":3,"minecraft:furnace":5,"minecraft:iron_ore":56,"minecraft:fire":2,"minecraft:deepslate_iron_ore":1,"minecraft:vine":1,"quark:limestone":4,"productivebees:sugar_cane_nest":1,"minecraft:stone":92,"twigs:opaline_seashell":1,"minecraft:blackstone":1,"minecraft:crafting_table":6,"minecraft:torch":1,"minecraft:tall_grass":1,"minecraft:cobblestone":25,"minecraft:deepslate_gold_ore":26,"minecraft:sugar_cane":3,"minecraft:oak_planks":5,"minecraft:wall_torch":3,"minecraft:grass":3,"minecraft:oak_log":27,"minecraft:coal_ore":48,"quark:monster_box":1,"minecraft:gravel":1,"minecraft:sand":13,"minecraft:dirt":10,"alltheores:raw_platinum_block":1,"minecraft:gold_ore":4,"minecraft:oak_leaves":3,"minecraft:deepslate":5}},"DataVersion":3465}