{"stats":{"minecraft:picked_up":{"minecraft:crafting_table":1,"croptopia:peach":7,"croptopia:nectarine":9,"minecraft:leather":6,"paraglider:spirit_orb":4,"minecraft:porkchop":6,"minecraft:oak_log":16,"enderio:broken_spawner":2,"minecraft:spider_eye":6,"minecraft:string":9,"silentgear:sinew":2,"minecraft:dirt":4,"biomesoplenty:flowering_oak_sapling":1,"reliquary:chelicerae":2,"twigs:opaline_seashell":1,"immersiveengineering:seed":2,"mysticalagriculture:inferium_essence":4,"delightful:acorn":1,"croptopia:orange":11,"minecraft:beef":7,"forbidden_arcanus:spawner_scrap":1,"minecraft:oak_sapling":2,"minecraft:sugar_cane":4,"minecraft:oak_planks":5,"minecraft:cobblestone":9},"minecraft:mined":{"minecraft:crafting_table":1,"minecraft:grass":2,"minecraft:grass_block":1,"minecraft:oak_log":16,"minecraft:dirt":3,"minecraft:tall_grass":1,"minecraft:stone":9,"minecraft:oak_planks":5,"minecraft:sugar_cane":2,"minecraft:oak_leaves":3,"twigs:opaline_seashell":1,"minecraft:spawner":1},"minecraft:crafted":{"minecraft:oak_planks":16,"minecraft:stone_shovel":1,"minecraft:crafting_table":1,"minecraft:stick":7,"minecraft:wooden_pickaxe":1,"minecraft:stone_pickaxe":1,"minecraft:stone_sword":1,"minecraft:stone_axe":1,"minecraft:air":98},"minecraft:dropped":{"minecraft:glass_bottle":1,"mysticalagriculture:inferium_essence":3,"minecraft:oak_sapling":2,"delightful:acorn":1,"minecraft:wooden_pickaxe":1,"pneumaticcraft:compressed_stone":9,"immersiveengineering:seed":2},"minecraft:killed":{"minecraft:pig":3,"minecraft:spider":8,"minecraft:cow":4},"minecraft:used":{"croptopia:nectarine":1,"minecraft:stone_sword":28,"tombstone:tablet_of_cupidity":1,"minecraft:stone_pickaxe":1,"minecraft:oak_planks":20,"minecraft:wooden_pickaxe":9,"forbidden_arcanus:aureal_bottle":1,"biomesoplenty:flowering_oak_sapling":1,"minecraft:stone_axe":23,"minecraft:dirt":4,"croptopia:peach":7,"minecraft:crafting_table":1,"twigs:opaline_seashell":1,"tombstone:gift":2},"minecraft:killed_by":{"minecraft:spider":1},"minecraft:custom":{"minecraft:time_since_rest":3748,"lootr:looted_stat":2,"minecraft:sprint_one_cm":17914,"minecraft:damage_taken":294,"minecraft:walk_one_cm":24410,"minecraft:mob_kills":15,"minecraft:drop":11,"minecraft:damage_dealt":1928,"tombstone:cast_on_ally":0,"minecraft:interact_with_crafting_table":2,"minecraft:swim_one_cm":3754,"minecraft:fly_one_cm":40779,"minecraft:open_chest":11,"minecraft:crouch_one_cm":1325,"minecraft:play_time":13793,"minecraft:deaths":1,"minecraft:sneak_time":814,"minecraft:walk_under_water_one_cm":303,"minecraft:jump":183,"minecraft:time_since_death":3997,"minecraft:walk_on_water_one_cm":759,"minecraft:total_world_time":13793,"minecraft:fall_one_cm":6850}},"DataVersion":3465}