{"stats":{"minecraft:picked_up":{"minecraft:iron_chestplate":1,"minecraft:crafting_table":2,"croptopia:peach":7,"croptopia:nectarine":9,"minecraft:leather":6,"paraglider:spirit_orb":4,"minecraft:flint":1,"minecraft:oak_log":27,"enderio:broken_spawner":2,"quark:limestone":3,"minecraft:dirt":10,"silentgear:sinew":2,"minecraft:string":19,"twigs:opaline_seashell":1,"reliquary:chelicerae":2,"minecraft:apple":1,"mysticalagriculture:inferium_essence":4,"delightful:acorn":1,"minecraft:beef":7,"minecraft:sugar_cane":4,"minecraft:oak_planks":5,"minecraft:raw_iron":7,"apotheosis:gem":1,"quark:shale":2,"minecraft:torch":1,"minecraft:porkchop":6,"minecraft:sand":12,"minecraft:spider_eye":10,"biomesoplenty:flowering_oak_sapling":1,"immersiveengineering:seed":2,"croptopia:orange":11,"minecraft:oak_sapling":2,"minecraft:coal":4,"forbidden_arcanus:spawner_scrap":1,"minecraft:cobblestone":31},"minecraft:mined":{"quark:shale":2,"minecraft:crafting_table":2,"minecraft:grass_block":2,"minecraft:tall_grass":1,"minecraft:sugar_cane":2,"minecraft:oak_planks":5,"minecraft:wall_torch":1,"minecraft:spawner":1,"minecraft:iron_ore":7,"minecraft:grass":2,"minecraft:coal_ore":4,"minecraft:oak_log":27,"quark:limestone":3,"minecraft:gravel":1,"minecraft:sand":12,"minecraft:dirt":8,"minecraft:stone":32,"twigs:opaline_seashell":1,"minecraft:oak_leaves":3},"minecraft:crafted":{"minecraft:oak_planks":27,"minecraft:stone_shovel":1,"sophisticatedbackpacks:backpack":1,"minecraft:crafting_table":1,"minecraft:wooden_pickaxe":1,"minecraft:stone_axe":1,"minecraft:air":147,"minecraft:stick":7,"minecraft:stone_pickaxe":1,"minecraft:stone_sword":1,"minecraft:chest":1,"minecraft:torch":1},"minecraft:dropped":{"minecraft:glass_bottle":1,"pneumaticcraft:compressed_stone":9,"mysticalagriculture:inferium_essence":3,"apotheosis:gem":1,"everythingcopper:copper_chestplate":1,"minecraft:oak_sapling":2,"delightful:acorn":1,"minecraft:wooden_pickaxe":1,"immersiveengineering:seed":2},"minecraft:killed":{"minecraft:pig":3,"irons_spellbooks:summoned_zombie":1,"minecraft:spider":13,"minecraft:zombie":2,"minecraft:drowned":1,"minecraft:cow":4},"minecraft:used":{"minecraft:stone_sword":28,"quark:shale":2,"minecraft:stone_shovel":19,"minecraft:stone_pickaxe":1,"minecraft:oak_planks":20,"minecraft:wooden_pickaxe":9,"biomesoplenty:flowering_oak_sapling":1,"minecraft:torch":2,"minecraft:dirt":10,"minecraft:sand":12,"minecraft:crafting_table":2,"croptopia:orange":6,"quark:limestone":3,"croptopia:nectarine":9,"minecraft:apple":1,"tombstone:tablet_of_cupidity":1,"tombstone:tablet_of_assistance":2,"minecraft:iron_pickaxe":39,"forbidden_arcanus:aureal_bottle":1,"minecraft:stone_axe":35,"minecraft:cobblestone":3,"croptopia:peach":7,"everythingcopper:copper_sword":35,"twigs:opaline_seashell":1,"tombstone:gift":2},"minecraft:killed_by":{"minecraft:spider":1},"minecraft:custom":{"lootr:looted_stat":4,"minecraft:mob_kills":24,"minecraft:interact_with_crafting_table":4,"minecraft:time_since_death":15997,"minecraft:time_since_rest":15748,"minecraft:sprint_one_cm":44159,"minecraft:damage_taken":425,"minecraft:walk_one_cm":44696,"minecraft:drop":13,"minecraft:damage_dealt":3532,"tombstone:cast_on_ally":0,"minecraft:swim_one_cm":9072,"minecraft:fly_one_cm":79268,"minecraft:open_chest":11,"minecraft:crouch_one_cm":2570,"minecraft:play_time":25793,"tombstone:undead_killed":4,"minecraft:deaths":1,"minecraft:sneak_time":1114,"minecraft:walk_under_water_one_cm":402,"minecraft:jump":345,"minecraft:walk_on_water_one_cm":2024,"minecraft:total_world_time":25793,"minecraft:fall_one_cm":7268}},"DataVersion":3465}