{"stats":{"minecraft:picked_up":{"minecraft:iron_chestplate":1,"minecraft:crafting_table":4,"croptopia:peach":7,"croptopia:nectarine":9,"minecraft:leather":6,"paraglider:spirit_orb":4,"minecraft:flint":1,"minecraft:oak_log":27,"enderio:broken_spawner":2,"quark:limestone":4,"minecraft:dirt":10,"silentgear:sinew":2,"minecraft:string":19,"minecraft:bone":2,"twigs:opaline_seashell":1,"reliquary:chelicerae":2,"minecraft:apple":1,"minecraft:bow":1,"mysticalagriculture:inferium_essence":9,"delightful:acorn":1,"minecraft:beef":7,"minecraft:sugar_cane":4,"minecraft:oak_planks":5,"minecraft:furnace":3,"thermal:blitz_rod":1,"minecraft:raw_iron":40,"apotheosis:gem":2,"quark:shale":2,"minecraft:torch":5,"minecraft:porkchop":6,"minecraft:sand":12,"tombstone:grave_dust":3,"quark:jasper":1,"minecraft:spider_eye":11,"eidolon:tattered_cloth":7,"minecraft:rotten_flesh":8,"biomesoplenty:flowering_oak_sapling":1,"minecraft:arrow":5,"immersiveengineering:seed":2,"croptopia:orange":11,"minecraft:oak_sapling":2,"minecraft:coal":25,"forbidden_arcanus:spawner_scrap":1,"eidolon:wraith_heart":1,"minecraft:cobblestone":98},"minecraft:mined":{"quark:shale":2,"minecraft:crafting_table":4,"minecraft:torch":1,"minecraft:grass_block":2,"minecraft:tall_grass":1,"minecraft:cobblestone":5,"minecraft:sugar_cane":2,"minecraft:oak_planks":5,"quark:jasper":1,"minecraft:wall_torch":2,"minecraft:spawner":1,"minecraft:furnace":3,"minecraft:iron_ore":40,"minecraft:grass":2,"minecraft:coal_ore":27,"minecraft:oak_log":27,"quark:limestone":4,"minecraft:gravel":1,"minecraft:sand":12,"minecraft:dirt":8,"minecraft:stone":88,"twigs:opaline_seashell":1,"minecraft:oak_leaves":3},"minecraft:crafted":{"minecraft:cooked_beef":7,"minecraft:oak_planks":27,"minecraft:stone_shovel":1,"minecraft:cooked_porkchop":6,"sophisticatedbackpacks:backpack":1,"minecraft:crafting_table":1,"minecraft:wooden_pickaxe":1,"minecraft:furnace":2,"minecraft:bucket":1,"minecraft:stone_axe":1,"minecraft:air":180,"minecraft:shield":1,"minecraft:stick":7,"minecraft:iron_ingot":13,"minecraft:stone_pickaxe":1,"minecraft:stone_sword":1,"minecraft:chest":1,"minecraft:torch":8,"sophisticatedbackpacks:iron_backpack":1},"minecraft:dropped":{"minecraft:enchanted_book":1,"eidolon:wraith_heart":1,"minecraft:glass_bottle":1,"thermal:blitz_rod":1,"minecraft:rotten_flesh":8,"eidolon:tattered_cloth":7,"pneumaticcraft:compressed_stone":9,"minecraft:flint":1,"mysticalagriculture:inferium_essence":8,"tombstone:grave_dust":3,"minecraft:spider_eye":1,"apotheosis:gem":2,"everythingcopper:copper_chestplate":1,"minecraft:oak_sapling":2,"delightful:acorn":1,"minecraft:arrow":2,"minecraft:wooden_pickaxe":1,"immersiveengineering:seed":2},"minecraft:killed":{"minecraft:pig":3,"irons_spellbooks:summoned_zombie":1,"minecraft:spider":15,"minecraft:skeleton":3,"eidolon:wraith":4,"minecraft:zombie":6,"minecraft:drowned":3,"thermal:blitz":1,"minecraft:cow":4},"minecraft:used":{"minecraft:stone_sword":28,"quark:shale":2,"minecraft:stone_shovel":19,"minecraft:stone_pickaxe":1,"minecraft:oak_planks":20,"minecraft:shield":3,"minecraft:wooden_pickaxe":9,"biomesoplenty:flowering_oak_sapling":1,"minecraft:torch":33,"minecraft:dirt":10,"minecraft:sand":12,"minecraft:crafting_table":4,"croptopia:orange":11,"quark:limestone":4,"croptopia:nectarine":9,"minecraft:apple":1,"tombstone:tablet_of_cupidity":1,"tombstone:tablet_of_assistance":2,"minecraft:iron_pickaxe":161,"forbidden_arcanus:aureal_bottle":1,"quark:jasper":1,"minecraft:stone_axe":37,"minecraft:cobblestone":41,"croptopia:peach":7,"everythingcopper:copper_sword":98,"minecraft:furnace":3,"twigs:opaline_seashell":1,"minecraft:bucket":1,"tombstone:gift":4,"minecraft:cooked_beef":2},"minecraft:killed_by":{"minecraft:spider":1},"minecraft:custom":{"minecraft:interact_with_furnace":19,"lootr:looted_stat":4,"minecraft:mob_kills":40,"minecraft:interact_with_crafting_table":10,"minecraft:time_since_death":27997,"minecraft:time_since_rest":27748,"minecraft:sprint_one_cm":73963,"minecraft:damage_taken":597,"minecraft:walk_one_cm":86691,"minecraft:damage_blocked_by_shield":70,"minecraft:drop":35,"minecraft:damage_dealt":6884,"tombstone:cast_on_ally":0,"minecraft:swim_one_cm":9072,"minecraft:fly_one_cm":109251,"minecraft:open_chest":11,"minecraft:crouch_one_cm":7092,"minecraft:play_time":37793,"tombstone:undead_killed":17,"minecraft:deaths":1,"minecraft:sneak_time":2299,"minecraft:walk_under_water_one_cm":2214,"minecraft:jump":504,"minecraft:walk_on_water_one_cm":5227,"minecraft:total_world_time":37793,"minecraft:fall_one_cm":10045}},"DataVersion":3465}