{"stats":{"minecraft:picked_up":{"minecraft:iron_chestplate":1,"minecraft:crafting_table":4,"croptopia:peach":7,"croptopia:nectarine":9,"minecraft:leather":6,"minecraft:potato":1,"paraglider:spirit_orb":4,"minecraft:flint":1,"minecraft:oak_log":27,"enderio:broken_spawner":2,"minecraft:gunpowder":3,"quark:limestone":4,"minecraft:dirt":10,"silentgear:sinew":2,"minecraft:string":19,"bhc:red_heart":2,"minecraft:bone":2,"twigs:opaline_seashell":1,"reliquary:chelicerae":2,"minecraft:apple":1,"minecraft:bow":1,"mysticalagriculture:inferium_essence":9,"minecraft:raw_gold":4,"delightful:acorn":1,"minecraft:beef":7,"minecraft:sugar_cane":4,"minecraft:oak_planks":5,"minecraft:furnace":3,"thermal:blitz_rod":1,"minecraft:raw_iron":57,"apotheosis:gem":2,"quark:shale":2,"minecraft:torch":6,"minecraft:porkchop":6,"minecraft:sand":12,"alltheores:raw_platinum_block":1,"minecraft:mossy_cobblestone":1,"tombstone:grave_dust":3,"quark:jasper":1,"minecraft:spider_eye":11,"eidolon:tattered_cloth":10,"minecraft:rotten_flesh":13,"biomesoplenty:flowering_oak_sapling":1,"minecraft:arrow":5,"immersiveengineering:seed":2,"croptopia:orange":11,"minecraft:oak_sapling":2,"minecraft:coal":29,"forbidden_arcanus:spawner_scrap":1,"eidolon:wraith_heart":1,"minecraft:cobblestone":120},"minecraft:mined":{"minecraft:mossy_cobblestone":1,"quark:shale":2,"minecraft:crafting_table":4,"minecraft:torch":1,"minecraft:grass_block":2,"minecraft:tall_grass":1,"minecraft:cobblestone":20,"minecraft:deepslate_gold_ore":4,"minecraft:sugar_cane":2,"minecraft:oak_planks":5,"quark:jasper":1,"minecraft:wall_torch":3,"minecraft:spawner":1,"minecraft:furnace":3,"minecraft:iron_ore":56,"minecraft:deepslate_iron_ore":1,"quark:monster_box":1,"minecraft:grass":2,"minecraft:coal_ore":31,"minecraft:oak_log":27,"quark:limestone":4,"minecraft:gravel":1,"minecraft:sand":12,"minecraft:dirt":8,"alltheores:raw_platinum_block":1,"minecraft:stone":92,"twigs:opaline_seashell":1,"minecraft:oak_leaves":3},"minecraft:crafted":{"minecraft:cooked_beef":7,"minecraft:oak_planks":27,"minecraft:stone_shovel":1,"minecraft:cooked_porkchop":6,"sophisticatedbackpacks:backpack":1,"minecraft:crafting_table":1,"minecraft:wooden_pickaxe":1,"minecraft:furnace":2,"minecraft:bucket":1,"minecraft:stone_axe":1,"minecraft:air":256,"minecraft:shield":1,"minecraft:stick":9,"minecraft:iron_ingot":13,"minecraft:stone_pickaxe":1,"minecraft:stone_sword":1,"minecraft:chest":1,"minecraft:torch":25,"sophisticatedbackpacks:iron_backpack":1},"minecraft:dropped":{"minecraft:enchanted_book":1,"eidolon:wraith_heart":1,"minecraft:wheat_seeds":1,"minecraft:glass_bottle":1,"thermal:blitz_rod":1,"minecraft:rotten_flesh":18,"eidolon:tattered_cloth":10,"minecraft:honey_bottle":1,"pneumaticcraft:compressed_stone":9,"minecraft:flint":1,"minecraft:melon_seeds":3,"mysticalagriculture:inferium_essence":9,"tombstone:grave_dust":3,"minecraft:spider_eye":1,"apotheosis:gem":2,"everythingcopper:copper_chestplate":1,"minecraft:oak_sapling":2,"delightful:acorn":1,"minecraft:arrow":2,"minecraft:wooden_pickaxe":1,"immersiveengineering:seed":2},"minecraft:killed":{"minecraft:pig":3,"irons_spellbooks:summoned_zombie":1,"minecraft:spider":15,"quark:toretoise":1,"minecraft:creeper":2,"minecraft:skeleton":3,"eidolon:wraith":5,"minecraft:zombie":10,"minecraft:drowned":3,"thermal:blitz":1,"minecraft:cow":4},"minecraft:used":{"minecraft:stone_sword":28,"quark:shale":2,"minecraft:stone_shovel":19,"minecraft:stone_pickaxe":1,"minecraft:oak_planks":20,"minecraft:shield":5,"minecraft:wooden_pickaxe":9,"biomesoplenty:flowering_oak_sapling":1,"minecraft:mossy_cobblestone":1,"minecraft:torch":91,"minecraft:dirt":10,"minecraft:sand":12,"minecraft:crafting_table":4,"croptopia:orange":11,"quark:limestone":4,"croptopia:nectarine":9,"minecraft:apple":1,"tombstone:tablet_of_cupidity":1,"alltheores:raw_platinum_block":1,"tombstone:tablet_of_assistance":2,"minecraft:iron_pickaxe":208,"forbidden_arcanus:aureal_bottle":1,"quark:jasper":1,"minecraft:stone_axe":37,"minecraft:cobblestone":73,"croptopia:peach":7,"everythingcopper:copper_sword":132,"minecraft:furnace":3,"twigs:opaline_seashell":1,"minecraft:bucket":1,"tombstone:gift":4,"minecraft:cooked_beef":4},"minecraft:killed_by":{"minecraft:spider":1},"minecraft:custom":{"minecraft:interact_with_furnace":19,"lootr:looted_stat":4,"minecraft:mob_kills":48,"minecraft:interact_with_crafting_table":10,"minecraft:time_since_death":39997,"minecraft:time_since_rest":39748,"minecraft:sprint_one_cm":113270,"minecraft:damage_taken":683,"minecraft:walk_one_cm":120525,"minecraft:damage_blocked_by_shield":118,"minecraft:drop":43,"minecraft:damage_dealt":8657,"tombstone:cast_on_ally":0,"minecraft:swim_one_cm":9695,"minecraft:fly_one_cm":145444,"minecraft:open_chest":11,"minecraft:crouch_one_cm":9679,"minecraft:play_time":49793,"tombstone:undead_killed":22,"minecraft:deaths":1,"minecraft:sneak_time":3707,"minecraft:walk_under_water_one_cm":2308,"minecraft:jump":750,"minecraft:walk_on_water_one_cm":7145,"minecraft:total_world_time":49793,"minecraft:fall_one_cm":15188}},"DataVersion":3465}