{"stats":{"minecraft:crafted":{"minecraft:oak_planks":5,"minecraft:stone_shovel":1,"minecraft:crafting_table":1,"minecraft:stick":5,"minecraft:wooden_pickaxe":1,"minecraft:stone_pickaxe":1,"minecraft:stone_sword":1,"minecraft:stone_axe":1,"minecraft:air":38},"minecraft:picked_up":{"minecraft:crafting_table":1,"minecraft:lilac":3,"farmersdelight:tomato_seeds":1,"minecraft:oak_log":5,"naturalist:lizard_tail":1,"minecraft:dirt":6,"minecraft:apple":1,"immersiveengineering:seed":1,"minecraft:oak_sapling":5,"twigs:twig":4,"minecraft:cobblestone":9},"minecraft:killed":{"naturalist:lizard_tail":1,"naturalist:lizard":1},"minecraft:used":{"naturalist:lizard_tail":1,"minecraft:stone_sword":3,"minecraft:apple":1,"minecraft:wooden_pickaxe":12,"minecraft:lilac":3,"minecraft:stone_axe":1,"minecraft:dirt":6,"minecraft:crafting_table":1,"minecraft:oak_sapling":5},"minecraft:dropped":{"farmersdelight:tomato_seeds":1,"minecraft:wooden_pickaxe":1,"immersiveengineering:seed":1},"minecraft:custom":{"minecraft:time_since_rest":24794,"minecraft:sprint_one_cm":20893,"minecraft:damage_taken":80,"minecraft:walk_one_cm":9670,"minecraft:mob_kills":2,"minecraft:drop":3,"minecraft:damage_dealt":140,"minecraft:interact_with_crafting_table":2,"minecraft:fly_one_cm":33608,"minecraft:crouch_one_cm":680,"minecraft:play_time":24794,"minecraft:sneak_time":388,"minecraft:jump":153,"minecraft:leave_game":2,"minecraft:time_since_death":24794,"minecraft:total_world_time":24794,"minecraft:fall_one_cm":5364},"minecraft:mined":{"minecraft:lilac":3,"minecraft:crafting_table":1,"minecraft:grass_block":3,"minecraft:oak_log":5,"minecraft:dirt":3,"biomesoplenty:sprout":1,"farmersdelight:wild_tomatoes":1,"minecraft:stone":9,"minecraft:oak_leaves":7}},"DataVersion":3465}