{"stats":{"minecraft:used":{"minecraft:mossy_stone_bricks":2,"minecraft:moss_carpet":1,"minecraft:stone_pickaxe":44,"minecraft:oak_planks":11,"minecraft:wooden_pickaxe":1,"minecraft:diamond_axe":2,"minecraft:iron_chestplate":1,"minecraft:torch":20,"minecraft:stripped_dark_oak_log":1,"minecraft:crafting_table":4,"supplementaries:bomb":2,"minecraft:carrot":8,"enderio:dark_steel_sword":196,"minecraft:lever":1,"minecraft:apple":1,"minecraft:spruce_wood":1,"minecraft:iron_pickaxe":249,"minecraft:stone_slab":2,"tombstone:magic_scroll":1,"minecraft:iron_helmet":1,"minecraft:iron_boots":1,"minecraft:stone_axe":13,"minecraft:golden_carrot":1,"minecraft:cobblestone":9,"minecraft:furnace":1,"ars_nouveau:sourceberry_bush":3,"minecraft:minecart":1,"minecraft:smooth_stone_slab":1,"minecraft:cooked_beef":8,"minecraft:coarse_dirt":1,"minecraft:iron_leggings":1,"minecraft:experience_bottle":3},"minecraft:broken":{"minecraft:iron_pickaxe":1},"minecraft:mined":{"railcraft:quarried_stone":6,"minecraft:glass_pane":1,"alltheores:zinc_ore":52,"minecraft:stripped_dark_oak_log":1,"minecraft:crafting_table":4,"minecraft:torch":8,"biomesoplenty:bush":2,"minecraft:grass_block":7,"minecraft:polished_andesite_stairs":1,"biomesoplenty:flowering_oak_leaves":3,"minecraft:stone_slab":1,"minecraft:copper_ore":3,"biomesoplenty:sprout":2,"theurgy:sal_ammoniac_ore":1,"ars_nouveau:sourceberry_bush":2,"minecraft:wall_torch":9,"minecraft:spawner":6,"minecraft:coarse_dirt":1,"minecraft:furnace":2,"minecraft:iron_ore":3,"minecraft:spruce_log":1,"minecraft:birch_leaves":5,"minecraft:moss_carpet":1,"minecraft:smooth_stone_slab":6,"minecraft:grass":2,"biomesoplenty:clover":1,"minecraft:coal_ore":15,"minecraft:oak_log":5,"minecraft:vine":3,"minecraft:dirt":12,"minecraft:infested_cracked_stone_bricks":3,"minecraft:mossy_stone_bricks":2,"minecraft:spruce_wood":1,"minecraft:polished_andesite":1,"minecraft:dispenser":1,"minecraft:stone":171,"minecraft:oak_leaves":3,"minecraft:fern":1},"minecraft:picked_up":{"minecraft:coarse_dirt":1,"minecraft:crafting_table":4,"minecraft:leather":4,"minecraft:lead":2,"minecraft:stone_slab":2,"minecraft:potato":1,"paraglider:spirit_orb":24,"minecraft:oak_log":5,"enderio:broken_spawner":6,"minecraft:string":2,"minecraft:dirt":6,"minecraft:moss_carpet":1,"minecraft:smooth_stone_slab":4,"bhc:red_heart":2,"mysticalagriculture:inferium_essence":4,"reliquary:zombie_heart":1,"minecraft:spruce_wood":1,"minecraft:iron_ingot":1,"enderio:wood_gear":1,"minecraft:mossy_stone_bricks":2,"minecraft:minecart":1,"minecraft:furnace":2,"minecraft:tipped_arrow":5,"minecraft:polished_andesite_stairs":1,"minecraft:raw_iron":3,"apotheosis:gem":1,"alltheores:raw_zinc":52,"minecraft:torch":18,"potionsmaster:bezoar":1,"tombstone:grave_dust":2,"minecraft:spruce_log":1,"minecraft:bundle":1,"minecraft:dispenser":1,"minecraft:rotten_flesh":40,"minecraft:lever":1,"minecraft:mutton":1,"minecraft:emerald":1,"tombstone:magic_scroll":1,"minecraft:oak_sapling":2,"minecraft:white_wool":2,"forbidden_arcanus:spawner_scrap":3,"minecraft:stripped_dark_oak_log":1,"minecraft:coal":23,"minecraft:cobblestone":77},"minecraft:crafted":{"minecraft:oak_planks":5,"minecraft:rotten_flesh":1,"minecraft:crafting_table":1,"minecraft:wooden_pickaxe":1,"minecraft:iron_helmet":1,"minecraft:furnace":1,"minecraft:stone_axe":1,"minecraft:air":44,"minecraft:diamond":2,"minecraft:string":1,"minecraft:iron_chestplate":1,"minecraft:diamond_pickaxe":1,"minecraft:stick":1,"minecraft:iron_ingot":6,"minecraft:stone_pickaxe":2,"minecraft:iron_leggings":1},"minecraft:dropped":{"minecraft:cobblestone":33,"minecraft:rotten_flesh":4,"forbidden_arcanus:elementarium":1,"minecraft:emerald":1,"pneumaticcraft:micromissiles":1,"minecraft:dirt":6,"minecraft:tipped_arrow":5,"minecraft:mutton":1,"potionsmaster:bezoar":1,"pneumaticcraft:compressed_iron_boots":1,"minecraft:white_wool":1,"ars_nouveau:wilden_horn":3},"minecraft:killed":{"minecraft:witch":1,"minecraft:spider":1,"minecraft:trader_llama":2,"minecraft:sheep":1,"minecraft:zombie":41,"minecraft:silverfish":4},"minecraft:custom":{"lootr:looted_stat":22,"minecraft:interact_with_furnace":6,"minecraft:mob_kills":50,"tombstone:raider_killed":1,"minecraft:traded_with_villager":2,"minecraft:interact_with_crafting_table":12,"minecraft:time_since_death":47779,"minecraft:climb_one_cm":2304,"minecraft:time_since_rest":47779,"minecraft:sprint_one_cm":231991,"minecraft:damage_taken":854,"minecraft:walk_one_cm":77360,"minecraft:drop":14,"minecraft:damage_dealt":8404,"minecraft:talked_to_villager":2,"minecraft:swim_one_cm":10474,"minecraft:fly_one_cm":150759,"minecraft:crouch_one_cm":3174,"minecraft:play_time":47779,"tombstone:undead_killed":41,"minecraft:sneak_time":1609,"minecraft:walk_under_water_one_cm":453,"minecraft:jump":771,"minecraft:walk_on_water_one_cm":975,"minecraft:total_world_time":47779,"minecraft:fall_one_cm":20591}},"DataVersion":3465}