{"stats":{"minecraft:used":{"minecraft:stone_pickaxe":22,"minecraft:wooden_pickaxe":1,"minecraft:iron_chestplate":1,"minecraft:torch":9,"minecraft:stripped_dark_oak_log":1,"minecraft:crafting_table":2,"supplementaries:bomb":2,"enderio:dark_steel_sword":67,"minecraft:lever":1,"minecraft:apple":1,"minecraft:spruce_wood":1,"minecraft:iron_helmet":1,"minecraft:iron_boots":1,"minecraft:stone_axe":13,"minecraft:furnace":1,"ars_nouveau:sourceberry_bush":3,"minecraft:minecart":1,"minecraft:cooked_beef":3,"minecraft:coarse_dirt":1,"minecraft:iron_leggings":1,"minecraft:experience_bottle":2},"minecraft:mined":{"minecraft:stripped_dark_oak_log":1,"minecraft:crafting_table":2,"minecraft:torch":3,"biomesoplenty:bush":2,"minecraft:polished_andesite_stairs":1,"biomesoplenty:flowering_oak_leaves":3,"biomesoplenty:sprout":2,"theurgy:sal_ammoniac_ore":1,"ars_nouveau:sourceberry_bush":2,"minecraft:wall_torch":5,"minecraft:spawner":2,"minecraft:coarse_dirt":1,"minecraft:furnace":1,"minecraft:iron_ore":3,"minecraft:spruce_log":1,"minecraft:birch_leaves":5,"minecraft:smooth_stone_slab":3,"minecraft:grass":2,"biomesoplenty:clover":1,"minecraft:coal_ore":9,"minecraft:oak_log":5,"minecraft:spruce_wood":1,"minecraft:polished_andesite":1,"minecraft:dispenser":1,"minecraft:stone":1,"minecraft:oak_leaves":3,"minecraft:fern":1},"minecraft:picked_up":{"minecraft:coarse_dirt":1,"minecraft:crafting_table":2,"minecraft:potato":1,"paraglider:spirit_orb":8,"minecraft:oak_log":5,"enderio:broken_spawner":4,"minecraft:smooth_stone_slab":3,"minecraft:spruce_wood":1,"enderio:wood_gear":1,"minecraft:minecart":1,"minecraft:furnace":1,"minecraft:tipped_arrow":5,"minecraft:polished_andesite_stairs":1,"minecraft:raw_iron":3,"apotheosis:gem":1,"minecraft:torch":9,"tombstone:grave_dust":2,"minecraft:spruce_log":1,"minecraft:bundle":1,"minecraft:dispenser":1,"minecraft:rotten_flesh":11,"minecraft:lever":1,"minecraft:oak_sapling":2,"forbidden_arcanus:spawner_scrap":2,"minecraft:stripped_dark_oak_log":1,"minecraft:coal":17,"minecraft:cobblestone":1},"minecraft:crafted":{"minecraft:oak_planks":5,"minecraft:crafting_table":1,"minecraft:wooden_pickaxe":1,"minecraft:iron_helmet":1,"minecraft:furnace":1,"minecraft:stone_axe":1,"minecraft:air":31,"minecraft:iron_chestplate":1,"minecraft:stick":1,"minecraft:iron_ingot":6,"minecraft:stone_pickaxe":1,"minecraft:iron_leggings":1},"minecraft:dropped":{"minecraft:rotten_flesh":2,"forbidden_arcanus:elementarium":1,"minecraft:tipped_arrow":5,"pneumaticcraft:compressed_iron_boots":1},"minecraft:killed":{"minecraft:witch":1,"minecraft:zombie":15},"minecraft:custom":{"lootr:looted_stat":10,"minecraft:interact_with_furnace":5,"minecraft:mob_kills":16,"tombstone:raider_killed":1,"minecraft:interact_with_crafting_table":9,"minecraft:time_since_death":23779,"minecraft:time_since_rest":23779,"minecraft:sprint_one_cm":66742,"minecraft:damage_taken":306,"minecraft:walk_one_cm":30734,"minecraft:drop":4,"minecraft:damage_dealt":3003,"minecraft:swim_one_cm":10474,"minecraft:fly_one_cm":88282,"minecraft:play_time":23779,"tombstone:undead_killed":15,"minecraft:sneak_time":10,"minecraft:walk_under_water_one_cm":453,"minecraft:jump":384,"minecraft:walk_on_water_one_cm":975,"minecraft:total_world_time":23779,"minecraft:fall_one_cm":14903}},"DataVersion":3465}