{"stats":{"minecraft:used":{"minecraft:lever":1,"minecraft:spruce_wood":1,"minecraft:stone_pickaxe":10,"minecraft:wooden_pickaxe":1,"minecraft:stone_axe":5,"minecraft:torch":1,"minecraft:stripped_dark_oak_log":1,"minecraft:crafting_table":1,"minecraft:minecart":1,"minecraft:cooked_beef":1},"minecraft:mined":{"minecraft:stripped_dark_oak_log":1,"minecraft:spruce_log":1,"minecraft:crafting_table":1,"minecraft:grass":2,"biomesoplenty:bush":2,"biomesoplenty:clover":1,"minecraft:oak_log":5,"minecraft:coal_ore":9,"biomesoplenty:flowering_oak_leaves":3,"minecraft:spruce_wood":1,"biomesoplenty:sprout":2,"minecraft:dispenser":1,"minecraft:stone":1,"minecraft:oak_leaves":3,"minecraft:wall_torch":1},"minecraft:picked_up":{"minecraft:tipped_arrow":5,"minecraft:crafting_table":1,"minecraft:torch":1,"minecraft:oak_log":5,"minecraft:spruce_log":1,"minecraft:dispenser":1,"minecraft:lever":1,"minecraft:spruce_wood":1,"enderio:wood_gear":1,"minecraft:minecart":1,"minecraft:oak_sapling":2,"minecraft:stripped_dark_oak_log":1,"minecraft:coal":9,"minecraft:cobblestone":1},"minecraft:crafted":{"minecraft:oak_planks":5,"minecraft:crafting_table":1,"minecraft:stick":1,"minecraft:wooden_pickaxe":1,"minecraft:stone_pickaxe":1,"minecraft:stone_axe":1,"minecraft:air":28},"minecraft:dropped":{"minecraft:tipped_arrow":5},"minecraft:custom":{"minecraft:time_since_rest":11779,"lootr:looted_stat":3,"minecraft:sprint_one_cm":18771,"minecraft:damage_taken":60,"minecraft:walk_one_cm":8250,"minecraft:drop":1,"minecraft:interact_with_crafting_table":2,"minecraft:swim_one_cm":10474,"minecraft:fly_one_cm":38970,"minecraft:play_time":11779,"minecraft:sneak_time":3,"minecraft:walk_under_water_one_cm":453,"minecraft:jump":184,"minecraft:time_since_death":11779,"minecraft:walk_on_water_one_cm":975,"minecraft:total_world_time":11779,"minecraft:fall_one_cm":6785}},"DataVersion":3465}