{"stats":{"minecraft:used":{"minecraft:moss_carpet":1,"minecraft:iron_chestplate":1,"minecraft:torch":23,"minecraft:dirt":2,"minecraft:carrot":8,"minecraft:spruce_wood":1,"minecraft:iron_helmet":1,"minecraft:iron_boots":1,"minecraft:golden_carrot":1,"minecraft:furnace":1,"ars_nouveau:sourceberry_bush":3,"minecraft:minecart":1,"minecraft:cooked_beef":8,"minecraft:iron_leggings":1,"minecraft:mossy_stone_bricks":2,"minecraft:stone_pickaxe":44,"minecraft:oak_planks":11,"minecraft:wooden_pickaxe":1,"minecraft:diamond_axe":2,"minecraft:salmon":4,"minecraft:golden_apple":1,"minecraft:stripped_dark_oak_log":1,"minecraft:crafting_table":4,"supplementaries:bomb":2,"enderio:dark_steel_sword":218,"minecraft:apple":7,"minecraft:lever":1,"minecraft:diamond_pickaxe":89,"minecraft:iron_pickaxe":249,"tombstone:magic_scroll":1,"minecraft:stone_slab":2,"minecraft:stone_axe":13,"minecraft:cobblestone":16,"minecraft:smooth_stone_slab":1,"minecraft:coarse_dirt":1,"minecraft:experience_bottle":3},"minecraft:broken":{"minecraft:iron_pickaxe":1},"minecraft:mined":{"minecraft:crying_obsidian":1,"alltheores:zinc_ore":52,"minecraft:deepslate_diamond_ore":1,"biomesoplenty:bush":2,"minecraft:grass_block":9,"biomesoplenty:flowering_oak_leaves":3,"ars_nouveau:sourceberry_bush":2,"minecraft:spawner":7,"minecraft:magma_block":65,"minecraft:furnace":2,"minecraft:iron_ore":4,"minecraft:moss_carpet":1,"minecraft:vine":4,"minecraft:spruce_wood":1,"minecraft:stone":178,"minecraft:deepslate_redstone_ore":8,"railcraft:quarried_stone":6,"minecraft:glass_pane":1,"minecraft:blackstone":3,"minecraft:stripped_dark_oak_log":1,"minecraft:crafting_table":4,"minecraft:torch":9,"minecraft:polished_andesite_stairs":1,"minecraft:stone_slab":1,"minecraft:copper_ore":3,"theurgy:sal_ammoniac_ore":1,"biomesoplenty:sprout":2,"minecraft:wall_torch":10,"minecraft:coarse_dirt":1,"forbidden_arcanus:xpetrified_ore":1,"minecraft:spruce_log":1,"minecraft:birch_leaves":5,"minecraft:smooth_stone_slab":6,"biomesoplenty:clover":1,"minecraft:grass":2,"minecraft:oak_log":5,"minecraft:coal_ore":15,"minecraft:dirt":12,"minecraft:infested_cracked_stone_bricks":3,"minecraft:dispenser":1,"minecraft:polished_andesite":1,"minecraft:mossy_stone_bricks":2,"minecraft:oak_leaves":3,"minecraft:fern":1},"minecraft:picked_up":{"minecraft:crafting_table":4,"minecraft:coarse_dirt":1,"minecraft:stone_slab":2,"minecraft:lead":2,"enderio:broken_spawner":9,"forbidden_arcanus:xpetrified_orb":1,"minecraft:string":2,"minecraft:moss_carpet":1,"minecraft:smooth_stone_slab":4,"minecraft:blackstone":1,"mysticalagriculture:inferium_essence":4,"reliquary:zombie_heart":1,"minecraft:minecart":1,"minecraft:furnace":2,"minecraft:tipped_arrow":5,"minecraft:raw_iron":4,"apotheosis:gem":1,"alltheores:raw_zinc":52,"minecraft:torch":20,"potionsmaster:bezoar":1,"tombstone:grave_dust":2,"minecraft:redstone":35,"minecraft:rotten_flesh":40,"minecraft:mutton":1,"forbidden_arcanus:spawner_scrap":4,"minecraft:white_wool":2,"minecraft:cobblestone":84,"minecraft:magma_block":65,"minecraft:leather":4,"minecraft:potato":1,"paraglider:spirit_orb":32,"minecraft:oak_log":5,"minecraft:dirt":8,"bhc:red_heart":2,"minecraft:spruce_wood":1,"enderio:wood_gear":1,"minecraft:iron_ingot":1,"minecraft:mossy_stone_bricks":2,"minecraft:polished_andesite_stairs":1,"minecraft:spruce_log":1,"minecraft:crying_obsidian":1,"minecraft:bundle":1,"minecraft:dispenser":1,"minecraft:diamond":1,"minecraft:lever":1,"minecraft:emerald":1,"tombstone:magic_scroll":1,"minecraft:oak_sapling":2,"minecraft:stripped_dark_oak_log":1,"minecraft:coal":23},"minecraft:crafted":{"minecraft:oak_planks":5,"minecraft:rotten_flesh":1,"minecraft:furnace":1,"minecraft:diamond":2,"minecraft:stone_pickaxe":2,"minecraft:crafting_table":1,"minecraft:wooden_pickaxe":1,"minecraft:iron_helmet":1,"minecraft:stone_axe":1,"minecraft:air":44,"minecraft:string":1,"minecraft:iron_chestplate":1,"minecraft:diamond_pickaxe":1,"minecraft:stick":1,"minecraft:iron_ingot":6,"minecraft:iron_leggings":1},"minecraft:dropped":{"minecraft:cobblestone":33,"minecraft:saddle":1,"minecraft:emerald":1,"minecraft:dirt":6,"minecraft:mutton":1,"forbidden_arcanus:spawner_scrap":1,"potionsmaster:bezoar":1,"pneumaticcraft:compressed_iron_boots":1,"ars_nouveau:wilden_horn":3,"minecraft:white_wool":1,"enderio:broken_spawner":2,"minecraft:rotten_flesh":4,"forbidden_arcanus:elementarium":1,"pneumaticcraft:micromissiles":1,"minecraft:tipped_arrow":5,"minecraft:stone_pickaxe":1,"minecraft:magma_block":65},"minecraft:killed":{"irons_spellbooks:summoned_zombie":1,"minecraft:witch":1,"minecraft:spider":1,"minecraft:silverfish":4,"minecraft:sheep":1,"minecraft:trader_llama":2,"minecraft:zombie":43},"minecraft:custom":{"lootr:looted_stat":29,"minecraft:mob_kills":53,"minecraft:interact_with_crafting_table":12,"minecraft:time_since_death":59779,"minecraft:climb_one_cm":2304,"minecraft:sprint_one_cm":249438,"minecraft:walk_one_cm":95366,"minecraft:drop":20,"minecraft:talked_to_villager":2,"minecraft:play_time":59779,"minecraft:sneak_time":2059,"minecraft:walk_under_water_one_cm":600,"minecraft:jump":988,"minecraft:walk_on_water_one_cm":1403,"minecraft:total_world_time":59779,"minecraft:interact_with_furnace":6,"tombstone:raider_killed":1,"minecraft:traded_with_villager":2,"minecraft:time_since_rest":59779,"minecraft:damage_taken":1459,"minecraft:damage_absorbed":39,"minecraft:damage_dealt":9069,"minecraft:swim_one_cm":10549,"minecraft:fly_one_cm":167131,"minecraft:crouch_one_cm":3945,"tombstone:undead_killed":44,"minecraft:fall_one_cm":27745}},"DataVersion":3465}